site_name,lat,long,predator_min_length,predator_max_length,length_units,length_measure,predator_stage,type_of_fish,sample_size,start_date,end_date,sampling interval,habitat,microhabitat,measurement_type,measurement_units,author,year,journal,citation,table_figure,notes,diatoms,filamentous algae,Chaetopoda,Decapoda,Thysanura_adult,Ephemeroptera_larvae,Odonata_larvae,Plecoptera_larvae,Trichoptera_larvae,Orthoptera_adult,Coleoptera_larvae,Coleoptera_adult,Lepidoptera_larvae,Diptera_adult,Hymenoptera_adult,Unidentified insect,Arachnida,Mollusca,Unidentified debris
"Oxon Run, Washington, DC, USA",,,20,64,mm,,,Leusiscus vandoisulus,31,20-Jan,20-Jan,monthly,lotic,,abundance,percent,Crawford,1922,Scientific contributions of the New York Zoological Society,"Breder, C. M., & Crawford, D. R. (1922). The Food of Certain Minnows: A Study of the Seasonal Dietary Cycle of Six Cyprinoids with Especial Reference to Fish Culture. New York Zoological Society.",tbl3,hand-entered b/c Able2Extract did not work,0,0,0,0,1,28,0,16,0,0,2,13,3,3,0,33,0,1,0
"Oxon Run, Washington, DC, USA",,,30,54,mm,,,Leusiscus vandoisulus,8,20-Mar,20-Mar,monthly,lotic,,abundance,percent,Crawford,1922,Scientific contributions of the New York Zoological Society,"Breder, C. M., & Crawford, D. R. (1922). The Food of Certain Minnows: A Study of the Seasonal Dietary Cycle of Six Cyprinoids with Especial Reference to Fish Culture. New York Zoological Society.",tbl3,hand-entered b/c Able2Extract did not work,0,0,0,0,0,24,0,0,0,0,8,0,0,0,19,32,5,0,12
"Oxon Run, Washington, DC, USA",,,20,64,mm,,,Leusiscus vandoisulus,81,20-Apr,20-Apr,monthly,lotic,,abundance,percent,Crawford,1922,Scientific contributions of the New York Zoological Society,"Breder, C. M., & Crawford, D. R. (1922). The Food of Certain Minnows: A Study of the Seasonal Dietary Cycle of Six Cyprinoids with Especial Reference to Fish Culture. New York Zoological Society.",tbl3,hand-entered b/c Able2Extract did not work,0,0,1,1,0,0,0,0,0,0,0,38,1,5,2,51,1,0,0
"Oxon Run, Washington, DC, USA",,,20,60,mm,,,Leusiscus vandoisulus,56,20-May,20-May,monthly,lotic,,abundance,percent,Crawford,1922,Scientific contributions of the New York Zoological Society,"Breder, C. M., & Crawford, D. R. (1922). The Food of Certain Minnows: A Study of the Seasonal Dietary Cycle of Six Cyprinoids with Especial Reference to Fish Culture. New York Zoological Society.",tbl3,hand-entered b/c Able2Extract did not work,0,0,0,0,0,0,0,0,2,1,0,77,0,0,2,16,0,0,2
"Oxon Run, Washington, DC, USA",,,24,52,mm,,,Leusiscus vandoisulus,10,20-Jun,20-Jun,monthly,lotic,,abundance,percent,Crawford,1922,Scientific contributions of the New York Zoological Society,"Breder, C. M., & Crawford, D. R. (1922). The Food of Certain Minnows: A Study of the Seasonal Dietary Cycle of Six Cyprinoids with Especial Reference to Fish Culture. New York Zoological Society.",tbl3,hand-entered b/c Able2Extract did not work,0,0,0,0,0,0,0,0,0,0,0,0,0,0,30,70,0,0,0
"Oxon Run, Washington, DC, USA",,,32,56,mm,,,Leusiscus vandoisulus,19,20-Jul,20-Jul,monthly,lotic,,abundance,percent,Crawford,1922,Scientific contributions of the New York Zoological Society,"Breder, C. M., & Crawford, D. R. (1922). The Food of Certain Minnows: A Study of the Seasonal Dietary Cycle of Six Cyprinoids with Especial Reference to Fish Culture. New York Zoological Society.",tbl3,hand-entered b/c Able2Extract did not work,1,3,0,0,0,0,0,0,0,0,0,21,0,0,5,70,0,0,0
"Oxon Run, Washington, DC, USA",,,20,56,mm,,,Leusiscus vandoisulus,45,20-Sep,20-Sep,monthly,lotic,,abundance,percent,Crawford,1922,Scientific contributions of the New York Zoological Society,"Breder, C. M., & Crawford, D. R. (1922). The Food of Certain Minnows: A Study of the Seasonal Dietary Cycle of Six Cyprinoids with Especial Reference to Fish Culture. New York Zoological Society.",tbl3,hand-entered b/c Able2Extract did not work,1,0,0,0,0,0,1,0,0,0,0,27,0,0,4,67,0,0,0
"Oxon Run, Washington, DC, USA",,,28,56,mm,,,Leusiscus vandoisulus,23,20-Oct,20-Oct,monthly,lotic,,abundance,percent,Crawford,1922,Scientific contributions of the New York Zoological Society,"Breder, C. M., & Crawford, D. R. (1922). The Food of Certain Minnows: A Study of the Seasonal Dietary Cycle of Six Cyprinoids with Especial Reference to Fish Culture. New York Zoological Society.",tbl3,hand-entered b/c Able2Extract did not work,0,0,0,0,0,0,0,0,0,0,0,8,0,14,4,74,0,0,0
"Oxon Run, Washington, DC, USA",,,32,56,mm,,,Leusiscus vandoisulus,11,20-Nov,20-Nov,monthly,lotic,,abundance,percent,Crawford,1922,Scientific contributions of the New York Zoological Society,"Breder, C. M., & Crawford, D. R. (1922). The Food of Certain Minnows: A Study of the Seasonal Dietary Cycle of Six Cyprinoids with Especial Reference to Fish Culture. New York Zoological Society.",tbl3,hand-entered b/c Able2Extract did not work,0,0,0,0,0,0,0,0,0,0,0,0,0,32,4,64,0,0,0
