site_name,type_of_fish,measurement_type,measurement_units,predator_min_length,predator_max_length,predator_average_length,length_units,length_measure,predator_stage,sample_size,start_date,end_date,sampling_interval,habitat,microhabitat,author,year,journal,citation,table_figure,data_sorted_by,sample_id,notes,Zooplankton,Micronekton,Zoobenthos,Plant  material,Unidentifable
"Sterkfontein Dam, South Africa",Barbus aeneus,weight,percent,<30,>40,,cm,NA,,86,1/4/1984,1/5/1984,monthly,lentic,,Dorgeloh,1994,Water SA,"Dorgeloh, W. G. (1994). Diet and food selection of Barbus aeneus, Clarias gariepinus and Oncorhynchus mykiss in a clear man-made lake, South Africa. Water SA, 20(1), 91-98.",tbl1,season averaged across fish size,1,"looked up seasons on google. Authors mentioned ""autumn"" and ""fall"", etc, but did not list months that include those seasons",4.7,6,5,31.7,51.7
"Sterkfontein Dam, South Africa",Barbus aeneus,weight,percent,<30,>40,,cm,NA,,76,1/6/1984,1/8/1984,monthly,lentic,,Dorgeloh,1994,Water SA,"Dorgeloh, W. G. (1994). Diet and food selection of Barbus aeneus, Clarias gariepinus and Oncorhynchus mykiss in a clear man-made lake, South Africa. Water SA, 20(1), 91-98.",tbl1,season averaged across fish size,2,"looked up seasons on google. Authors mentioned ""autumn"" and ""fall"", etc, but did not list months that include those seasons",8.7,12.7,15.3,10.3,54.3
"Sterkfontein Dam, South Africa",Barbus aeneus,weight,percent,<30,>40,,cm,NA,,56,1/9/1984,1/11/1984,monthly,lentic,,Dorgeloh,1994,Water SA,"Dorgeloh, W. G. (1994). Diet and food selection of Barbus aeneus, Clarias gariepinus and Oncorhynchus mykiss in a clear man-made lake, South Africa. Water SA, 20(1), 91-98.",tbl1,season averaged across fish size,3,"looked up seasons on google. Authors mentioned ""autumn"" and ""fall"", etc, but did not list months that include those seasons",10,8,3.5,13.5,66.5
"Sterkfontein Dam, South Africa",Barbus aeneus,weight,percent,<30,>40,,cm,NA,,68,1/12/1984,1/3/1984,monthly,lentic,,Dorgeloh,1994,Water SA,"Dorgeloh, W. G. (1994). Diet and food selection of Barbus aeneus, Clarias gariepinus and Oncorhynchus mykiss in a clear man-made lake, South Africa. Water SA, 20(1), 91-98.",tbl1,season averaged across fish size,4,"looked up seasons on google. Authors mentioned ""autumn"" and ""fall"", etc, but did not list months that include those seasons",5.7,7.3,2,25.3,59
"Sterkfontein Dam, South Africa",Clarias gariepinus,weight,percent,50,70,,cm,NA,,45,1/4/1984,1/5/1984,,lentic,,Dorgeloh,1994,Water SA,"Dorgeloh, W. G. (1994). Diet and food selection of Barbus aeneus, Clarias gariepinus and Oncorhynchus mykiss in a clear man-made lake, South Africa. Water SA, 20(1), 91-98.",tbl1,season averaged across fish size,5,"looked up seasons on google. Authors mentioned ""autumn"" and ""fall"", etc, but did not list months that include those seasons",16.3,36.3,13,12.3,20.7
"Sterkfontein Dam, South Africa",Oncorhynchus mykiss,weight,percent,<20,30,,cm,NA,,29,1/4/1984,1/5/1984,,lentic,,Dorgeloh,1994,Water SA,"Dorgeloh, W. G. (1994). Diet and food selection of Barbus aeneus, Clarias gariepinus and Oncorhynchus mykiss in a clear man-made lake, South Africa. Water SA, 20(1), 91-98.",tbl1,season averaged across fish size,6,"looked up seasons on google. Authors mentioned ""autumn"" and ""fall"", etc, but did not list months that include those seasons",46.3,18.7,0.7,1,32.3
"Sterkfontein Dam, South Africa",Oncorhynchus mykiss,weight,percent,25,40,,cm,NA,,151,1/6/1984,1/8/1984,,lentic,,Dorgeloh,1994,Water SA,"Dorgeloh, W. G. (1994). Diet and food selection of Barbus aeneus, Clarias gariepinus and Oncorhynchus mykiss in a clear man-made lake, South Africa. Water SA, 20(1), 91-98.",tbl1,season averaged across fish size,7,"looked up seasons on google. Authors mentioned ""autumn"" and ""fall"", etc, but did not list months that include those seasons",40.7,18.7,0.7,7.7,32
"Sterkfontein Dam, South Africa",Oncorhynchus mykiss,weight,percent,25,40,,cm,NA,,130,1/9/1984,1/11/1984,,lentic,,Dorgeloh,1994,Water SA,"Dorgeloh, W. G. (1994). Diet and food selection of Barbus aeneus, Clarias gariepinus and Oncorhynchus mykiss in a clear man-made lake, South Africa. Water SA, 20(1), 91-98.",tbl1,season averaged across fish size,8,"looked up seasons on google. Authors mentioned ""autumn"" and ""fall"", etc, but did not list months that include those seasons",36,16.7,0.7,9.7,37.7
"Sterkfontein Dam, South Africa",Oncorhynchus mykiss,weight,percent,35,45,,cm,NA,,64,1/12/1984,1/3/1984,,lentic,,Dorgeloh,1994,Water SA,"Dorgeloh, W. G. (1994). Diet and food selection of Barbus aeneus, Clarias gariepinus and Oncorhynchus mykiss in a clear man-made lake, South Africa. Water SA, 20(1), 91-98.",tbl1,season averaged across fish size,9,"looked up seasons on google. Authors mentioned ""autumn"" and ""fall"", etc, but did not list months that include those seasons",9.5,33.5,0.2,9.5,48
