site_name,lat,long,predator_min_length,predator_max_length,predator_average_length,length_units,length_measure,predator_stage,type_of_fish,sample_size,start_date,end_date,sampling_interval,habitat,microhabitat,measurement_type,measurement_units,author,year,journal,citation,table_figure,data_sorted_by,fish_id,notes,Detritus/Mud,Sand grains,Insect parts,Insect larvae,Macrophytes,Chlamydomonas sp.,Closterium sp.,Spirogyra sp.,Volvox sp.
"Ero Reservoir, Nigeria",,,8.7,14.3,,cm,standard,,Sarotherodon galilaeus,,3/1/2004,4/1/2005,fortnightly,lentic,,number,percent,oso,2006,World Journal of Zoology,"Oso. World Journal of Zoology 1 (2): 118-121, 2006",tbl3,averaged over time and size,oso_2006_tbl3_1,,,,15.25,6.13,,20.75,13.21,33.49,11.16
,,,,,,,,,,,,,,,,,,,,,,,,,,,,,,,,,,
,,,,,,,,,,,,,,,,,,,,,,,,,,,,,,,,,,
,,,,,,,,,,,,,,,,,,,,,,,,,,,,,,,,,,
,,,,,,,,,,,,,,,,,,,,,,,,,,,,,,,,,,
,,,,,,,,,,,,,,,,,,,,,,,,,,,,,,,,,,
,,,,,,,,,,,,,,,,,,,,,,,,,,,,,,,,,,
,,,,,,,,,,,,,,,,,,,,,,,,,,,,,,,,,,
,,,,,,,,,,,,,,,,,,,,,,,,,,,,,,,,,,
,,,,,,,,,,,,,,,,,,,,,,,,,,,,,,,,,,
,,,,,,,,,,,,,,,,,,,,,,,,,,,,,,,,,,
,,,,,,,,,,,,,,,,,,,,,,,,,,,,,,,,,,
,,,,,,,,,,,,,,,,,,,,,,,,,,,,,,,,,,
,,,,,,,,,,,,,,,,,,,,,,,,,,,,,,,,,,
